name	ra	dec	err_ellipse_r0	err_ellipse_r1	err_ellipse_ang
HMXB1	266.23813	-28.96121	1.5	1.0	45
HMXB2	266.24	-28.9615	1.7	1.3	60
HMXB3	266.242	-28.9608	2.0	1.5	30
HMXB4	266.245	-28.962	1.2	1.0	90
HMXB5	266.25	-28.959	1.9	1.4	10
