RAJ2000,DEJ2000,HR0,CXOGC,ePos,Band
266.23813,-28.96121,-0.3,174457.0-285710,1.5,soft
266.24,-28.9615,0.1,174457.1-285711,1.7,full
266.242,-28.9608,0.5,174457.2-285712,2.0,hard
266.245,-28.962,-0.2,174457.3-285713,1.2,soft
266.25,-28.959,0.0,174457.4-285714,1.9,full
