RAJ2000,DEJ2000,Jmag3,Hmag3,Ksmag3
266.23833,-28.96141,12.481128327580137,11.466849710213388,10.764327979312057
266.2402,-28.9617,12.943614744944657,11.90502845785905,10.943596301945908
266.2422,-28.961,12.097159605715468,11.20678314889671,10.771491836463458
266.2452,-28.9622,12.484219773521438,11.338377111218728,11.274136069800484
266.27990410643054,-28.948518517982226,16.991563500270562,14.439671900002574,14.223342754350206
266.2813900092421,-28.948219053460218,15.580172850096762,15.454085487892758,13.030032296834191
266.28151656975353,-28.951744245803543,16.466790797339637,15.989220773735319,14.002379561585359
